Station Number,Station Name,State,Latitude,Longitude,Start Year,End Year,Total Observations,Valid Observations,Percentage Complete (from file),Record Length
068241,ALBION PARK (SHELLHARBOUR AIRPORT),NSW,-34.5639,150.7924,1999,2024,440307,361333,83.0,26
061366,NORAH HEAD AWS,NSW,-33.2814,151.5766,1989,2024,608749,485712,80.0,36
069128,NERRIGA AWS,NSW,-35.1103,150.0826,2013,2024,193831,190553,99.0,12
065070,DUBBO AIRPORT AWS,NSW,-32.2206,148.5753,1989,2024,623005,413845,67.0,36
048244,COBAR COMPARISON,NSW,-31.4861,145.8281,2000,2000,14739,3514,60.0,1
074037,YANCO AGRICULTURAL INSTITUTE,NSW,-34.6222,146.4326,1999,2024,437327,320154,75.0,26
065111,COWRA AIRPORT AWS,NSW,-33.8382,148.654,2004,2024,350689,298349,86.0,21
063308,MARRANGAROO (DEFENCE),NSW,-33.4346,150.135,2017,2024,115787,115229,99.0,8
069132,BRAIDWOOD RACECOURSE AWS,NSW,-35.4253,149.7835,1989,2024,623005,448466,73.0,36
061087,GOSFORD (NARARA RESEARCH STATION) AWS,NSW,-33.3949,151.3289,1999,2013,246895,163801,67.0,15
067113,PENRITH LAKES AWS,NSW,-33.7195,150.6783,1996,2024,499885,480505,97.0,29
046143,PACKSADDLE (WESTWOOD DOWNS),NSW,-30.496,141.3335,2017,2024,121602,114723,98.0,8
074023,FINLEY AIRPORT AWS,NSW,-35.6613,145.561,2001,2003,44981,21036,47.0,3
053115,MOREE AERO,NSW,-29.4898,149.8471,1989,2024,623004,493885,80.0,36
060139,PORT MACQUARIE AIRPORT AWS (COMPARISON),NSW,-31.4335,152.8655,1995,2020,442508,331768,75.0,26
066037,SYDNEY AIRPORT AMO,NSW,-33.9465,151.1731,1948,2024,1328268,488463,37.0,77
070349,MOUNT GININI AWS,NSW,-35.5293,148.7721,2004,2024,351466,334635,97.0,21
048247,WANAARING (DELTA AWS),NSW,-30.1006,145.3338,2017,2024,118909,118478,99.0,8
048249,BYROCK (KNIGHTVALE),NSW,-30.4864,146.3283,2017,2024,121638,117713,99.0,8
049000,IVANHOE AERODROME AWS,NSW,-32.8833,144.3092,2000,2024,420343,311078,75.0,25
061430,SINGLETON DEFENCE AWS,NSW,-32.6976,151.1564,2017,2024,127686,125751,99.0,8
046141,MOUNT WOOWOOLARAH,NSW,-31.2554,141.2389,2017,2024,121638,108955,93.0,8
200839,LORD HOWE ISLAND AERO,NSW,-31.5421,159.0786,1994,2024,525776,427776,83.0,31
072162,KHANCOBAN AWS,NSW,-36.2304,148.1405,1996,2024,483277,346507,72.0,29
069139,BEGA AWS,NSW,-36.6722,149.8191,1992,2024,566001,435013,77.0,33
068263,HOLSWORTHY DEFENCE AWS,NSW,-34.081,150.9009,2017,2024,115501,114264,99.0,8
047114,CENTRAL DARLING (TANDOU),NSW,-32.7107,142.1115,2017,2024,121638,101550,86.0,8
068076,NOWRA RAN AIR STATION,NSW,-34.9449,150.545,1989,2000,208427,25354,12.0,12
052088,WALGETT AIRPORT AWS,NSW,-30.0372,148.1223,1997,2024,475933,382463,81.0,28
068151,JERVIS BAY (POINT PERPENDICULAR AWS),NSW,-35.0936,150.8049,2001,2024,405889,305901,76.0,24
066194,CANTERBURY RACECOURSE AWS,NSW,-33.9057,151.1134,1996,2024,499885,483382,97.0,29
049136,EUABALONG (MOUNT HOPE AWS),NSW,-32.8261,145.8801,2017,2024,118910,111224,99.0,8
066195,SYDNEY OLYMPIC PARK (SYDNEY OLYMPIC PK (,NSW,-33.8521,151.0646,1996,2011,274181,262407,96.0,16
075019,HAY AIRPORT AWS,NSW,-34.5412,144.8345,2007,2024,299007,253446,85.0,18
075175,HAY CSIRO AWS,NSW,-34.5471,144.867,1989,2007,321427,111456,36.0,19
058009,BYRON BAY (CAPE BYRON LIGHTHOUSE),NSW,-28.6388,153.6361,1994,2002,147515,6446,6.0,9
061055,NEWCASTLE NOBBYS SIGNAL STATION AWS,NSW,-32.9184,151.7985,2001,2024,398785,367617,93.0,24
058208,CASINO AIRPORT AWS,NSW,-28.8824,153.0618,1995,2024,508237,394973,78.0,30
066059,TERREY HILLS AWS,NSW,-33.6908,151.2253,2004,2024,347293,309423,90.0,21
075174,GRIFFITH CSIRO,NSW,-34.3229,146.0684,1989,2003,258879,89763,35.0,15
061412,COORANBONG (LAKE MACQUARIE AWS),NSW,-33.0887,151.4636,2008,2024,279759,275726,99.0,17
064017,COONABARABRAN AIRPORT AWS,NSW,-31.333,149.2699,2001,2024,403883,347385,87.0,24
062101,MUDGEE AIRPORT AWS,NSW,-32.5628,149.6149,1989,2024,623005,435710,70.0,36
200288,NORFOLK ISLAND AERO,NSW,-29.0389,167.9408,1994,2024,525768,422502,82.0,31
060141,TAREE AIRPORT AWS,NSW,-31.8895,152.512,1997,2024,474637,354040,75.0,28
067108,BADGERYS CREEK AWS,NSW,-33.8969,150.7281,1996,2024,499885,467070,95.0,29
061363,SCONE AIRPORT AWS,NSW,-32.0335,150.8264,1989,2024,623005,444496,72.0,36
061078,WILLIAMTOWN RAAF,NSW,-32.7939,151.8364,1989,2024,623004,428856,70.0,36
046140,WHITE CLIFFS (MT JACK),NSW,-30.8693,143.7085,2017,2024,121638,105879,91.0,8
063291,BATHURST AIRPORT AWS,NSW,-33.4119,149.654,1989,2024,623005,450760,73.0,36
069017,MONTAGUE ISLAND LIGHTHOUSE,NSW,-36.2519,150.2275,1998,2024,460237,339204,75.0,27
067119,HORSLEY PARK EQUESTRIAN CENTRE AWS,NSW,-33.851,150.8567,1997,2024,470934,458261,98.0,28
070339,TUGGERANONG (ISABELLA PLAINS) AWS,NSW,-35.4184,149.0937,1996,2024,494413,481277,98.0,29
046126,TIBOOBURRA AIRPORT,NSW,-29.4448,142.0567,1997,2024,470112,332934,71.0,28
046012,WILCANNIA AERODROME AWS,NSW,-31.5194,143.385,2000,2024,429318,358354,84.0,25
069138,ULLADULLA AWS,NSW,-35.3635,150.4828,1992,2024,557745,417259,76.0,33
046137,BOULLIA,NSW,-30.0708,141.8795,2017,2024,121638,118400,99.0,8
061392,MURRURUNDI GAP AWS,NSW,-31.7416,150.7937,2003,2024,369419,327717,89.0,22
063292,MOUNT BOYCE AWS,NSW,-33.6185,150.2741,1989,2024,610209,459464,76.0,36
047108,BURNDOO,NSW,-32.0679,143.65,2017,2024,121638,118120,99.0,8
065103,FORBES AIRPORT AWS,NSW,-33.3627,147.9205,1996,2024,499885,352220,71.0,29
075041,GRIFFITH AIRPORT AWS,NSW,-34.2487,146.0695,2000,2024,422301,356651,85.0,25
047109,INKERMAN,NSW,-31.9772,142.153,2017,2024,121919,112063,96.0,8
047048,BROKEN HILL AIRPORT AWS,NSW,-32.0012,141.4694,1989,2024,623003,399256,65.0,36
055024,GUNNEDAH RESOURCE CENTRE,NSW,-31.0261,150.2687,2022,2024,27712,27353,99.0,3
051163,KEVELINE,NSW,-30.4934,147.9422,2017,2024,121639,115738,97.0,8
068192,CAMDEN AIRPORT AWS,NSW,-34.039,150.689,1992,2024,565938,427671,76.0,33
048245,BOURKE AIRPORT AWS,NSW,-30.0362,145.9521,1999,2024,446070,355844,81.0,26
070014,CANBERRA AIRPORT COMPARISON,NSW,-35.3049,149.2014,1985,2010,454359,232725,52.0,26
067117,HOLSWORTHY CONTROL RANGE,NSW,-33.9795,150.9254,1998,2014,286792,273595,96.0,17
068264,JERVIS BAY NSW (JERVIS BAY AIRFIELD AWS),NSW,-35.1439,150.6973,2018,2024,100950,99672,99.0,7
048248,GUMBOOKA,NSW,-29.7859,146.2857,2017,2024,121638,96314,84.0,8
068239,MOSS VALE AWS,NSW,-34.5253,150.4217,2001,2024,409924,354976,87.0,24
069137,GREEN CAPE AWS,NSW,-37.2622,150.0504,2000,2024,420148,306910,74.0,25
074253,FINLEY (CSIRO),NSW,-35.7111,145.6236,1989,2001,208013,64809,31.0,13
066212,SYDNEY OLYMPIC PARK AWS (ARCHERY CENTRE),NSW,-33.8338,151.0718,2011,2024,225704,224027,99.0,14
069147,MERIMBULA AIRPORT AWS,NSW,-36.9077,149.8989,1998,2024,459613,374286,82.0,27
060168,PORT MACQUARIE AIRPORT AWS,NSW,-31.4343,152.8662,2020,2024,65717,64930,99.0,5
058198,BALLINA AIRPORT AWS,NSW,-28.8353,153.5585,1995,2024,508237,391670,78.0,30
046128,FOWLERS GAP AWS,NSW,-31.0863,141.7008,2004,2024,345692,268461,78.0,21
065068,PARKES AIRPORT AWS,NSW,-33.1281,148.2428,1997,2024,469933,371949,80.0,28
061287,MERRIWA (ROSCOMMON),NSW,-32.1852,150.1737,2007,2024,297217,293247,99.0,18
048237,COBAR AIRPORT AWS,NSW,-31.5388,145.7964,1993,2024,543560,405602,75.0,32
058161,GRAFTON AIRPORT AWS,NSW,-29.7583,153.0297,2006,2024,320361,302192,95.0,19
062100,NULLO MOUNTAIN AWS,NSW,-32.7244,150.229,1989,2024,622911,470112,76.0,36
061379,WILLIAMTOWN COMPARISON AWS,NSW,-32.8081,151.8419,1995,1999,71279,32328,45.0,5
067105,RICHMOND RAAF,NSW,-33.6004,150.7761,1989,2024,623004,515632,83.0,36
073151,TEMORA AIRPORT,NSW,-34.4277,147.5117,2005,2024,341037,274439,81.0,20
046136,WANAARING (BORRONA DOWNS AWS),NSW,-29.7614,143.1135,2017,2024,122506,116646,98.0,8
065091,COWRA AIRPORT COMPARISON,NSW,-33.8451,148.6534,2004,2004,397,199,50.0,1
061260,CESSNOCK AIRPORT AWS,NSW,-32.7914,151.3369,1994,2024,526833,411331,79.0,31
074258,DENILIQUIN AIRPORT AWS,NSW,-35.5575,144.9458,1997,2024,475933,370688,78.0,28
073138,YOUNG AIRPORT,NSW,-34.2493,148.2475,1989,2024,623005,430823,70.0,36
047111,WENTWORTH (NULLA),NSW,-33.8218,141.3592,2017,2024,121638,103868,96.0,8
070351,CANBERRA AIRPORT,NSW,-35.3088,149.2004,2008,2024,277355,272888,99.0,17
066137,BANKSTOWN AIRPORT AWS,NSW,-33.9176,150.9837,1989,2024,623003,542100,87.0,36
056243,GLEN INNES AIRPORT AWS,NSW,-29.678,151.694,1996,2024,486445,356574,74.0,29
047110,NELIA GAARI,NSW,-32.0079,142.8181,2017,2024,121638,115655,98.0,8
048027,COBAR MO,NSW,-31.484,145.8294,1989,2024,623003,407987,66.0,36
063303,ORANGE AIRPORT AWS,NSW,-33.3768,149.1263,1996,2024,496807,389070,79.0,29
047112,IVANHOE (OVERNEWTON),NSW,-32.9416,143.5386,2017,2024,121638,101365,87.0,8
066193,MARSFIELD (MACQUARIE UNIVERSITY NO:2),NSW,-33.7654,151.1176,2018,2024,99326,0,96.0,7
059151,COFFS HARBOUR AIRPORT,NSW,-30.3189,153.1162,2013,2024,191677,175551,99.0,12
070217,COOMA AIRPORT AWS,NSW,-36.2939,148.9725,1992,2024,566001,438438,78.0,33
068262,HIGH RANGE AWS (WANGANDERRY),NSW,-34.3335,150.267,2014,2024,176024,171583,99.0,11
068257,CAMPBELLTOWN (MOUNT ANNAN),NSW,-34.0615,150.7735,2006,2024,309755,297737,97.0,19
058212,EVANS HEAD RAAF BOMBING RANGE AWS,NSW,-29.183,153.3964,1998,2024,462397,368438,80.0,27
046138,WHITE CLIFFS (CAWNALMURTEE),NSW,-30.5807,143.3528,2017,2024,121638,96802,85.0,8
051164,GIRILAMBONE (OKEH) AWS,NSW,-31.0824,146.9296,2017,2024,126148,124246,99.0,8
055325,TAMWORTH AIRPORT AWS,NSW,-31.0742,150.8362,1989,2024,623005,438432,71.0,36
072150,WAGGA WAGGA AMO,NSW,-35.1583,147.4575,1989,2024,623004,498741,81.0,36
054038,NARRABRI AIRPORT AWS,NSW,-30.3154,149.8302,2001,2024,403347,333101,84.0,24
053000,MOREE AUTOSONDE,NSW,-29.4917,149.8461,2000,2001,23762,21346,90.0,2
074272,KAPOOKA (DEFENCE),NSW,-35.1327,147.2512,2017,2024,118910,118422,99.0,8
049135,KILLALA,NSW,-31.9945,145.9736,2017,2024,121628,113561,97.0,8
059007,KEMPSEY AIRPORT AWS,NSW,-31.0711,152.7717,2001,2024,410415,350514,86.0,24
068242,KIAMA (BOMBO HEADLAND),NSW,-34.6532,150.8609,2001,2024,395811,269178,79.0,24
066051,LITTLE BAY (THE COAST GOLF CLUB),NSW,-33.9829,151.2502,1999,2024,441981,0,93.0,26
048246,BURRAWANTIE,NSW,-29.1544,145.4066,2017,2024,121638,107864,94.0,8
058012,YAMBA PILOT STATION,NSW,-29.4325,153.3632,2007,2024,293909,254541,88.0,18
058077,GRAFTON RESEARCH STN,NSW,-29.6224,152.9605,2002,2024,383535,364818,96.0,23
072160,ALBURY AIRPORT AWS,NSW,-36.069,146.9509,1993,2024,547185,436105,80.0,32
061375,MANGROVE MOUNTAIN AWS,NSW,-33.2894,151.2107,1994,2024,526833,404739,78.0,31
058216,BYRON BAY (CAPE BYRON AWS),NSW,-28.6399,153.6358,2002,2024,379311,314959,84.0,23
046142,SMITHVILLE AWS,NSW,-30.0692,141.0067,2017,2024,122506,119318,99.0,8
072161,CABRAMURRA SMHEA AWS,NSW,-35.9371,148.3779,1996,2024,483709,349292,73.0,29
068072,NOWRA RAN AIR STATION AWS,NSW,-34.9469,150.5353,2000,2024,414207,399872,98.0,25
066062,SYDNEY (OBSERVATORY HILL),NSW,-33.8607,151.205,1993,2020,473110,464333,98.0,28
047113,MULURULU AWS,NSW,-33.3392,143.4,2017,2024,122506,114022,99.0,8
066214,SYDNEY (OBSERVATORY HILL),NSW,-33.8593,151.2048,2017,2024,118126,116729,99.0,8
067033,RICHMOND RAAF,NSW,-33.6022,150.7794,1985,1994,172367,0,0.0,10
068228,BELLAMBI AWS,NSW,-34.3692,150.9291,1989,2024,623005,463811,75.0,36
051162,WALGETT (BREWON AWS),NSW,-30.2411,147.5327,2017,2024,126148,124967,99.0,8
058214,LISMORE AIRPORT AWS,NSW,-28.8305,153.2601,2002,2024,392607,313255,81.0,23
070330,GOULBURN AIRPORT AWS,NSW,-34.8085,149.7311,1989,2024,622911,450691,73.0,36
059040,COFFS HARBOUR MO,NSW,-30.3107,153.1187,1989,2015,467277,340086,74.0,27
046139,GRASMERE,NSW,-31.4198,142.6258,2017,2024,121638,108039,93.0,8
061250,PATERSON (TOCAL AWS),NSW,-32.6296,151.5919,2002,2024,385597,317161,83.0,23
048250,NOONA AWS,NSW,-31.7267,144.9313,2017,2024,122507,121958,99.0,8
051161,COONAMBLE AIRPORT AWS,NSW,-30.9776,148.3798,1997,2024,470317,343780,74.0,28
052057,WEEMELAH (CRINOLYN),NSW,-29.2403,149.1265,2017,2024,121638,107494,93.0,8
051049,TRANGIE RESEARCH STATION AWS,NSW,-31.9861,147.9489,1997,2024,469213,346828,74.0,28
066161,HOLSWORTHY AERODROME AWS,NSW,-33.9925,150.9489,2012,2024,208141,204757,99.0,13
056238,ARMIDALE AIRPORT AWS,NSW,-30.5273,151.6158,1993,2024,547180,456533,84.0,32
050137,CONDOBOLIN AIRPORT AWS,NSW,-33.0682,147.2133,1993,2024,544977,413449,76.0,32
070328,BOMBALA AWS,NSW,-37.0015,149.2336,1989,2024,620585,439813,71.0,36
071075,PERISHER VALLEY AWS,NSW,-36.4069,148.4055,2010,2024,247923,243902,99.0,15
061425,GOSFORD AWS,NSW,-33.4351,151.3614,2013,2024,194836,193119,99.0,12
069148,MORUYA AIRPORT AWS,NSW,-35.9004,150.1437,1999,2024,434603,333581,77.0,26
055202,GUNNEDAH AIRPORT AWS,NSW,-30.9537,150.2494,2001,2024,400335,308202,77.0,24
049137,WAIKO,NSW,-32.8323,144.4645,2017,2024,121639,112546,95.0,8
050017,WEST WYALONG AIRPORT AWS,NSW,-33.9382,147.1962,1999,2024,441981,330235,75.0,26
074148,NARRANDERA AIRPORT AWS,NSW,-34.705,146.514,2007,2024,304049,292497,97.0,18
056018,INVERELL RESEARCH CENTRE,NSW,-29.7752,151.082,2002,2024,378254,311815,83.0,23
046129,WHITE CLIFFS AWS,NSW,-30.8522,143.0743,2005,2024,333596,267381,81.0,20
071032,THREDBO AWS,NSW,-36.4917,148.2859,1998,2024,459661,334638,74.0,27
046144,WINNATHEE,NSW,-29.751,141.1105,2017,2024,121637,110968,94.0,8
061428,MAITLAND AIRPORT AWS,NSW,-32.7023,151.4881,2016,2024,140459,135957,99.0,9
094087,KUNANYI (MOUNT WELLINGTON PINNACLE),TAS,-42.895,147.2358,1990,2024,596604,489887,83.0,35
095003,BUSHY PARK (BUSHY PARK ESTATES),TAS,-42.7097,146.8983,1998,2024,456199,352024,78.0,27
092100,STORYS CREEK (STORYS CREEK ROAD),TAS,-41.635,147.7292,1992,1998,98827,9650,10.0,7
094212,CAMPANIA (KINCORA),TAS,-42.6867,147.4258,2001,2024,407243,317337,78.0,24
091259,LUNCHEON HILL (FORESTRY),TAS,-41.1492,145.1517,1997,2024,467962,361044,78.0,28
091293,LOW HEAD,TAS,-41.0547,146.7874,2000,2024,422640,308398,74.0,25
094155,TASMAN ISLAND,TAS,-43.2397,148.0025,2001,2024,395958,362500,94.0,24
092124,MARIA ISLAND (POINT LESUEUR),TAS,-42.6621,148.0179,2004,2024,346561,330354,96.0,21
091306,CRESSY RESEARCH STATION,TAS,-41.7256,147.0794,1999,2022,408433,326856,81.0,24
092045,LARAPUNA (EDDYSTONE POINT),TAS,-40.9928,148.3467,1994,2024,526846,360624,69.0,31
092163,FINGAL (FLEMING ST),TAS,-41.643,147.98,2022,2024,34753,31822,99.0,3
091245,CAPE GRIM BAPS (COMPARISON),TAS,-40.6828,144.69,1997,2023,453368,364655,83.0,27
091237,LAUNCESTON (TI TREE BEND),TAS,-41.4194,147.1219,1999,2024,433928,387478,90.0,26
091291,SHEFFIELD SCHOOL FARM,TAS,-41.389,146.3173,2002,2024,390586,307484,80.0,23
094255,DENNES POINT,TAS,-43.0639,147.3567,2012,2024,206796,205826,99.0,13
092120,ST HELENS AERODROME,TAS,-41.3381,148.2792,2001,2024,412186,354188,87.0,24
094029,HOBART (ELLERSLIE ROAD),TAS,-42.8897,147.3278,1994,2024,521341,386130,81.0,31
097024,WARRA,TAS,-43.0609,146.704,2004,2024,347045,333074,98.0,21
091219,SCOTTSDALE (WEST MINSTONE ROAD),TAS,-41.1708,147.4883,2003,2024,376654,332694,90.0,22
094191,HARTZ MOUNTAIN (KEOGHS PIMPLE),TAS,-43.2006,146.7683,1999,2024,439740,416969,96.0,26
097080,LOW ROCKY POINT,TAS,-42.9831,145.5025,2012,2024,215616,175721,99.0,13
094220,GROVE (RESEARCH STATION),TAS,-42.9844,147.0756,2004,2024,349684,315891,91.0,21
092012,FINGAL (LEGGE STREET),TAS,-41.6428,147.9664,2001,2021,361197,302844,84.0,21
092114,FRIENDLY BEACHES,TAS,-41.9953,148.2794,1997,2024,468097,384325,83.0,28
091311,LAUNCESTON AIRPORT,TAS,-41.5476,147.2156,2004,2024,350688,347629,99.0,21
091126,DEVONPORT AIRPORT,TAS,-41.1701,146.4289,1990,2024,592332,394144,67.0,35
094041,MAATSUYKER ISLAND LIGHTHOUSE,TAS,-43.6578,146.2711,1997,2024,467409,354146,76.0,28
099005,FLINDERS ISLAND AIRPORT,TAS,-40.0911,148.0024,1993,2024,545872,400293,75.0,32
091331,KENNAOOK/CAPE GRIM,TAS,-40.6764,144.6922,2010,2024,238043,235442,99.0,15
092123,SWAN ISLAND,TAS,-40.7292,148.125,2003,2024,374550,340084,94.0,22
094254,DUNALLEY (STROUD POINT),TAS,-42.9017,147.7894,2012,2024,215225,213573,99.0,13
091292,SMITHTON AERODROME,TAS,-40.8347,145.0847,1998,2024,455446,376969,83.0,27
094008,HOBART AIRPORT WEST,TAS,-42.8339,147.5033,1984,2022,660532,425342,65.0,39
094250,HOBART AIRPORT,TAS,-42.8333,147.5119,2017,2024,124563,121919,99.0,8
300000,DAVIS,ANT,-68.5744,77.9672,1994,2024,522542,49913,77.0,31
092037,SWAN ISLAND LIGHTHOUSE,TAS,-40.7314,148.1253,2001,2001,36,36,100.0,1
097000,CAPE SORELL,TAS,-42.1986,145.17,2011,2024,230023,218379,96.0,14
096033,LIAWENEE,TAS,-41.8997,146.6694,2001,2024,412135,351312,86.0,24
091104,LAUNCESTON AIRPORT COMPARISON,TAS,-41.5397,147.2033,1990,2009,327988,160662,49.0,20
095048,OUSE FIRE STATION,TAS,-42.4842,146.7106,1999,2024,431245,348468,81.0,26
097083,SCOTTS PEAK DAM,TAS,-43.0425,146.2722,1995,2024,513993,328290,65.0,30
096075,BARREN TIER,TAS,-42.0197,146.7533,1997,2001,72432,60783,84.0,5
200838,HOGAN ISLAND,TAS,-39.2225,146.9841,2003,2024,371437,353561,96.0,22
097085,MOUNT READ,TAS,-41.8444,145.5417,1998,2024,464701,284041,65.0,27
096003,BUTLERS GORGE,TAS,-42.2753,146.2758,2008,2024,283161,278535,99.0,17
091107,WYNYARD AIRPORT,TAS,-40.9964,145.7311,1990,2024,592331,392494,67.0,35
098017,KING ISLAND AIRPORT,TAS,-39.8804,143.8857,1990,2024,592333,406046,69.0,35
091375,CRESSY (BRUMBYS CREEK),TAS,-41.7114,147.082,2022,2024,27718,27373,99.0,3
094195,TUNNACK FIRE STATION,TAS,-42.4543,147.4612,1998,2024,463166,352386,77.0,27
097072,STRAHAN AERODROME,TAS,-42.155,145.2908,1993,2024,545917,386905,71.0,32
094198,CAPE BRUNY (CAPE BRUNY),TAS,-43.4886,147.1444,1997,2024,467376,386686,83.0,28
300004,MACQUARIE ISLAND,ANT,-54.4994,158.9369,1997,2024,467603,407076,88.0,28
300017,CASEY,ANT,-66.2825,110.5231,1998,2024,464673,76052,85.0,27
091104,LAUNCESTON AIRPORT COMPARISON,TAS,-41.5397,147.2033,1990,2009,327988,160662,49.0,20
029077,BURKETOWN AIRPORT,QLD,-17.7483,139.5356,2001,2024,399066,311409,78.0,24
037010,CAMOOWEAL TOWNSHIP,QLD,-19.9225,138.1214,1999,2024,439385,244462,56.0,26
140007,REDLAND (ALEXANDRA HILLS),QLD,-27.5433,153.2394,2015,2024,156144,153956,99.0,10
035129,ROLLESTON AIRPORT,QLD,-24.4617,148.6264,2010,2024,245617,239075,99.0,15
035134,BLACKWATER AIRPORT,QLD,-23.6015,148.8074,2013,2024,195129,192229,99.0,12
039066,GAYNDAH AIRPORT,QLD,-25.6167,151.6156,2003,2024,376283,300857,82.0,22
033045,MACKAY AERO,QLD,-21.1706,149.1794,1995,2024,504223,482241,96.0,30
200283,WILLIS ISLAND,QLD,-16.2878,149.9652,1995,2024,504223,423038,88.0,30
034035,MORANBAH AIRPORT,QLD,-22.0644,148.0758,2012,2024,217069,215174,99.0,13
040651,JIMNA FORESTRY,QLD,-26.6644,152.4606,2000,2017,293086,203610,70.0,18
031213,CAPE FLATTERY,QLD,-14.9672,145.3106,2003,2024,369417,295017,81.0,22
037053,CARTERS BORE,QLD,-20.9358,139.2964,2014,2024,174675,169381,99.0,11
040223,BRISBANE AERO,QLD,-27.4178,153.1142,1985,2000,265062,42146,16.0,16
033295,ALVA BEACH,QLD,-19.4569,147.4833,1997,2024,478831,363008,76.0,28
200001,MIDDLE PERCY ISLAND,QLD,-21.6628,150.2711,2004,2024,350449,285071,87.0,21
035124,CLERMONT AIRPORT,QLD,-22.7756,147.6217,2010,2024,249849,245190,99.0,15
032196,TOWNSVILLE- AIR WEAPONS RANGE (DEFENCE),QLD,-19.3048,146.2438,2017,2024,118908,109002,97.0,8
041522,DALBY AIRPORT,QLD,-27.1605,151.2633,2006,2024,316033,264964,85.0,19
033329,OORALEA RACECOURSE (MACKAY TURF CLUB),QLD,-21.17,149.1515,2016,2024,141131,137014,99.0,9
039128,BUNDABERG AERO,QLD,-24.9069,152.323,1998,2024,450329,371573,83.0,27
029058,JULIA CREEK AIRPORT,QLD,-20.6672,141.7214,2001,2024,400989,302112,76.0,24
033298,DOTSWOOD,QLD,-19.6264,146.2939,1996,2005,160633,71694,45.0,10
040988,NAMBOUR DAFF - HILLSIDE,QLD,-26.6442,152.9383,2007,2024,290559,267032,93.0,18
040082,UNIVERSITY OF QUEENSLAND GATTON,QLD,-27.5436,152.3375,2002,2024,385687,319780,83.0,23
029127,MOUNT ISA AERO,QLD,-20.6778,139.4875,1995,2024,504217,476605,95.0,30
040282,NAMBOUR DPI,QLD,-26.6431,152.9392,1997,2007,182833,87395,48.0,11
028004,PALMERVILLE,QLD,-15.9999,144.0754,2001,2024,403209,283294,71.0,24
200736,CREAL REEF,QLD,-20.5303,150.3773,2008,2024,285121,0,63.0,17
037034,THE MONUMENT AIRPORT,QLD,-21.8125,139.9267,2000,2024,413475,304019,75.0,25
040284,BEERBURRUM FOREST STATION,QLD,-26.9586,152.9619,1999,2024,439391,369994,85.0,26
039326,GLADSTONE AIRPORT,QLD,-23.8697,151.2214,1996,2024,500335,489369,98.0,29
029182,MORNINGTON ISLAND AIRPORT,QLD,-16.662,139.1655,2013,2024,188029,185342,99.0,12
033307,WOOLSHED,QLD,-19.4168,146.5362,1998,2024,449386,317053,72.0,27
029038,KOWANYAMA AIRPORT,QLD,-15.4818,141.7483,1999,2024,439391,328784,76.0,26
038026,BIRDSVILLE AIRPORT,QLD,-25.8975,139.3472,2000,2024,420341,316119,76.0,25
040842,BRISBANE AERO,QLD,-27.3917,153.1292,1995,2024,504227,493467,99.0,30
041175,APPLETHORPE,QLD,-28.6217,151.9533,1997,2024,478831,366748,77.0,28
027075,SCHERGER RAAF,QLD,-12.6167,142.0869,2005,2024,325835,276390,86.0,20
033119,MACKAY M.O,QLD,-21.1172,149.2169,1995,2024,504223,377169,76.0,30
041525,WARWICK,QLD,-28.2061,152.1003,1998,2024,450320,318786,72.0,27
032194,COWLEY BEACH (DEFENCE),QLD,-17.6905,146.1126,2017,2024,127684,127061,99.0,8
032195,MOUNT STUART (DEFENCE),QLD,-19.4082,146.762,2017,2024,118908,117714,99.0,8
033308,SAMUEL HILL AERO,QLD,-22.7433,150.6578,2000,2024,415211,325872,80.0,25
037059,NEW MAY DOWNS,QLD,-20.59,139.3411,2013,2024,191198,188913,99.0,12
030022,HUGHENDEN AIRPORT,QLD,-20.8192,144.2333,2001,2024,410073,306788,76.0,24
043109,ST GEORGE AIRPORT,QLD,-28.0478,148.5957,1998,2024,450327,318884,72.0,27
030161,RICHMOND AIRPORT,QLD,-20.7001,143.1137,1998,2024,450329,325396,73.0,27
040922,KINGAROY AIRPORT,QLD,-26.5737,151.8398,2001,2024,411752,314459,78.0,24
029181,LAKE JULIUS AWS,QLD,-20.1167,139.7256,2013,2024,191198,180660,97.0,12
028008,LOCKHART RIVER AIRPORT,QLD,-12.785,143.3047,2001,2024,404169,302194,76.0,24
039089,THANGOOL AIRPORT,QLD,-24.4935,150.5709,2009,2024,259250,242302,95.0,16
027073,COEN AIRPORT,QLD,-13.7606,143.1183,2002,2024,390963,307128,79.0,23
040958,REDCLIFFE,QLD,-27.2169,153.0922,2004,2024,357319,352756,99.0,21
032200,INGHAM AERO,QLD,-18.6651,146.1467,2024,2024,182,181,99.0,1
037058,URANDANGI AERODROME,QLD,-21.5979,138.3665,2012,2024,207608,198691,98.0,13
039059,LADY ELLIOT ISLAND,QLD,-24.1116,152.7161,1998,2024,450014,208801,48.0,27
033255,HAMILTON ISLAND,QLD,-20.3528,148.9511,2002,2002,6087,2962,49.0,1
040983,BEAUDESERT DRUMLEY STREET,QLD,-27.9707,152.9898,2007,2024,296701,277406,95.0,18
040913,BRISBANE,QLD,-27.4808,153.0389,1999,2024,431234,425992,99.0,26
029063,NORMANTON AIRPORT,QLD,-17.6872,141.0733,2001,2024,407897,313675,78.0,24
040555,TOOLARA (KELLY),QLD,-25.9713,152.8609,1998,2015,284004,133852,51.0,18
045059,JACKSON OILFIELD,QLD,-27.6364,142.4008,1998,2000,28897,0,0.0,3
036034,BLACKALL AIRPORT,QLD,-24.4303,145.4306,2001,2024,409209,330876,81.0,24
140008,CANUNGRA (DEFENCE),QLD,-28.0437,153.1871,2018,2024,110795,109149,99.0,7
033327,BOWEN AIRPORT AWS,QLD,-20.0153,148.2138,2015,2024,163494,159005,99.0,10
043091,ROMA AIRPORT,QLD,-26.5477,148.771,1997,2024,478831,368969,78.0,28
027054,COCONUT ISLAND,QLD,-10.0511,143.0686,2003,2024,368436,223544,62.0,22
033002,AYR DPI RESEARCH STN,QLD,-19.6169,147.3758,2000,2024,416883,229772,55.0,25
038076,WINDORAH AIRPORT,QLD,-25.4117,142.6647,2016,2024,138618,135680,99.0,9
039083,ROCKHAMPTON AERO,QLD,-23.3753,150.4775,1995,2024,504223,476554,95.0,30
040093,GYMPIE,QLD,-26.1831,152.6414,2000,2024,420341,328510,79.0,25
044021,CHARLEVILLE AERO,QLD,-26.4139,146.2558,1995,2024,504227,491404,99.0,30
032197,INNISFAIL AERODROME,QLD,-17.5581,146.0119,2016,2024,141412,137991,99.0,9
040068,DOUBLE ISLAND POINT LIGHTHOUSE,QLD,-25.9319,153.1906,1995,2024,504227,415323,83.0,30
029167,CENTURY MINE,QLD,-18.7569,138.7056,2003,2024,372971,363641,99.0,22
035264,EMERALD AIRPORT,QLD,-23.5694,148.1756,1998,2024,450329,331334,74.0,27
039123,GLADSTONE RADAR,QLD,-23.8553,151.2628,1994,2024,525919,506638,97.0,31
032040,TOWNSVILLE AERO,QLD,-19.2483,146.7661,1995,2024,504223,491889,99.0,30
032141,LUCINDA POINT,QLD,-18.5203,146.3861,1996,2024,486175,230881,64.0,29
032037,SOUTH JOHNSTONE EXP STN,QLD,-17.6053,145.9972,1999,2024,432959,325377,76.0,26
040908,TEWANTIN RSL PARK,QLD,-26.3911,153.0403,1996,2024,496495,350998,71.0,29
039039,GAYNDAH POST OFFICE,QLD,-25.6258,151.6094,2003,2003,181,90,50.0,1
033328,TOWNSVILLE- FANNING RIVER (DEFENCE),QLD,-19.783,146.5,2017,2024,118908,117650,99.0,8
041529,TOOWOOMBA AIRPORT,QLD,-27.5425,151.9134,1996,2024,491857,386180,79.0,29
041097,INGLEWOOD FOREST,QLD,-28.3661,150.9539,2000,2014,252150,151248,60.0,15
033247,PROSERPINE AIRPORT,QLD,-20.4925,148.555,1996,2024,496431,349407,71.0,29
040211,ARCHERFIELD AIRPORT,QLD,-27.5716,153.0071,1994,2024,525919,502492,98.0,31
037036,TREPELL AIRPORT,QLD,-21.84,140.8925,2001,2024,401565,298928,76.0,24
140010,TIN CAN BAY (DEFENCE),QLD,-25.9351,152.9647,2018,2024,110795,110029,99.0,7
140009,GREENBANK (DEFENCE),QLD,-27.6932,152.9935,2018,2024,110795,109008,99.0,7
030024,HUGHENDEN POST OFFICE,QLD,-20.8447,144.1986,2001,2001,83,9,31.0,1
040004,AMBERLEY AMO,QLD,-27.6297,152.7111,1995,2024,504213,388659,79.0,30
031222,CAIRNS RACECOURSE,QLD,-16.9463,145.7474,2013,2024,192011,185981,99.0,12
036031,LONGREACH AERO,QLD,-23.4397,144.2828,1995,2024,504217,477952,97.0,30
031210,MAREEBA AIRPORT,QLD,-17.0704,145.4293,2000,2024,420341,321559,77.0,25
200783,FLINDERS REEF,QLD,-17.7195,148.4478,2006,2024,321343,0,56.0,19
033210,ST LAWRENCE,QLD,-22.3472,149.5242,2004,2024,349435,285405,82.0,21
039304,HERON ISLAND,QLD,-23.4483,151.9178,1995,1999,58735,24172,41.0,5
030124,GEORGETOWN AIRPORT,QLD,-18.3039,143.5306,2004,2024,352747,288937,82.0,21
033195,WILLIAMSON,QLD,-22.4703,150.1786,2005,2024,335227,252836,76.0,20
041560,GOONDIWINDI AIRPORT,QLD,-28.5226,150.3223,2020,2024,62739,61917,99.0,5
040764,GOLD COAST SEAWAY,QLD,-27.939,153.4283,1994,2024,525919,470299,90.0,31
029141,CLONCURRY AIRPORT,QLD,-20.6664,140.505,2001,2024,408729,310769,77.0,24
040717,COOLANGATTA,QLD,-28.1681,153.5053,1994,2024,525919,512264,98.0,31
037039,WINTON AIRPORT,QLD,-22.3617,143.0836,2002,2024,381219,292136,78.0,23
033294,YEPPOON THE ESPLANADE,QLD,-23.1364,150.7506,1995,2024,504223,493393,98.0,30
041359,OAKEY AERO,QLD,-27.4034,151.7413,1995,2024,504213,395778,79.0,30
040405,HERVEY BAY AIRPORT,QLD,-25.322,152.8817,1999,2024,439391,355216,81.0,26
031209,COOKTOWN AIRPORT,QLD,-15.4461,145.1861,2000,2024,420341,320566,77.0,25
033106,HAMILTON ISLAND AIRPORT,QLD,-20.3658,148.9536,2002,2024,385543,292735,77.0,23
200704,MARION REEF,QLD,-19.0964,152.3892,2008,2024,276204,0,69.0,17
039122,HERON ISLAND RES STN,QLD,-23.4417,151.9125,1999,2024,445491,68247,55.0,26
029039,MORNINGTON ISLAND,QLD,-16.664,139.1837,1995,2015,352448,284746,81.0,21
045009,BALLERA GAS FIELD,QLD,-27.4008,141.8114,2002,2024,384237,253335,68.0,23
031037,LOW ISLES LIGHTHOUSE,QLD,-16.3842,145.5592,1998,2024,450329,333070,76.0,27
035139,LOCHINGTON,QLD,-23.9424,147.525,2010,2024,240395,234050,99.0,15
040043,CAPE MORETON LIGHTHOUSE,QLD,-27.0314,153.4661,1996,2024,496435,399200,84.0,29
040861,SUNSHINE COAST AIRPORT,QLD,-26.599,153.0912,1995,2024,504223,489753,98.0,30
040126,MARYBOROUGH,QLD,-25.5132,152.7152,2007,2024,290548,286786,99.0,18
042112,MILES CONSTANCE STREET,QLD,-26.6569,150.1819,1998,2024,450325,299180,67.0,27
027058,HORN ISLAND,QLD,-10.5844,142.29,1995,2024,504227,404365,81.0,30
027045,WEIPA AERO,QLD,-12.6778,141.9208,1995,2024,504223,491430,98.0,30
031011,CAIRNS AERO,QLD,-16.8736,145.7458,1985,2024,693130,406800,59.0,40
045025,THARGOMINDAH AIRPORT,QLD,-27.9867,143.815,1999,2024,435634,316242,74.0,26
076031,MILDURA AIRPORT,VIC,-34.2358,142.0867,1989,2024,623003,467597,76.0,36
086396,MELBOURNE AIRPORT (SOUTH ANEMOMETER),VIC,-37.6832,144.8383,2009,2024,261113,0,68.0,16
085291,MOUNT BAW BAW,VIC,-37.8384,146.2747,1994,2024,534442,394887,81.0,31
079105,STAWELL AERODROME,VIC,-37.072,142.7402,1996,2024,498346,484268,98.0,29
089002,BALLARAT AERODROME,VIC,-37.5127,143.7911,2000,2024,420343,414002,99.0,25
086266,FERNY CREEK,VIC,-37.8748,145.3497,2011,2024,233771,230244,99.0,14
086372,FERNY CREEK (DUNNS HILL),VIC,-37.8775,145.3364,1991,2011,348871,326288,94.0,21
085099,POUND CREEK,VIC,-38.6297,145.8107,2007,2024,302320,296925,99.0,18
076064,WALPEUP RESEARCH,VIC,-35.1201,142.004,1998,2024,449770,412233,94.0,27
088051,REDESDALE,VIC,-37.0194,144.5203,1994,2024,520480,402996,80.0,31
090186,WARRNAMBOOL AIRPORT NDB,VIC,-38.2869,142.4524,1998,2024,453515,446034,99.0,27
077010,HOPETOUN AIRPORT,VIC,-35.7151,142.3569,2004,2024,351932,346529,99.0,21
084144,MOUNT NOWA NOWA,VIC,-37.6924,148.0908,1995,2024,503869,454162,91.0,30
082039,RUTHERGLEN RESEARCH,VIC,-36.1048,146.5094,1998,2024,464594,422724,92.0,27
078072,DONALD,VIC,-36.3611,143.0038,1999,2001,34366,2679,8.0,3
084142,GELANTIPY,VIC,-37.22,148.2626,1992,2024,563295,480235,86.0,33
086388,FRANKSTON (BALLAM PARK),VIC,-38.1517,145.1615,2020,2024,70766,69604,99.0,5
090180,AIREYS INLET,VIC,-38.4583,144.0883,1991,2024,576303,549455,96.0,34
090035,COLAC (MOUNT GELLIBRAND),VIC,-38.2333,143.7924,2000,2024,420342,412112,99.0,25
090173,HAMILTON AIRPORT,VIC,-37.6486,142.0636,1995,2024,512031,469356,92.0,30
083084,FALLS CREEK,VIC,-36.8708,147.2755,1991,2024,576303,494953,88.0,34
086038,ESSENDON AIRPORT,VIC,-37.7276,144.9066,1999,2024,445220,371817,84.0,26
087184,BREAKWATER (GEELONG RACECOURSE),VIC,-38.1737,144.3765,2011,2024,229834,224567,99.0,14
087163,GROVEDALE (GEELONG AIRPORT),VIC,-38.2241,144.3345,1991,2011,349499,327230,94.0,21
081125,SHEPPARTON AIRPORT,VIC,-36.4288,145.3949,1996,2024,491391,445380,91.0,29
081124,YARRAWONGA,VIC,-36.0294,146.0305,2002,2024,385925,380388,99.0,23
089105,LOOKOUT HILL,VIC,-37.2822,143.2469,1992,2007,266697,226007,85.0,16
085280,MORWELL (LATROBE VALLEY AIRPORT),VIC,-38.2094,146.4746,1997,2024,476989,436713,92.0,28
083024,MOUNT BULLER,VIC,-37.145,146.4394,1992,2024,556958,452071,84.0,33
088167,PUCKAPUNYAL LYON HILL (DEFENCE),VIC,-36.9381,145.0539,2018,2024,100457,99800,99.0,7
081123,BENDIGO AIRPORT,VIC,-36.7411,144.3274,1993,2024,537793,460976,87.0,32
085314,EAST SALE AIRPORT,VIC,-38.1016,147.1398,2017,2024,118910,117549,99.0,8
086068,VIEWBANK,VIC,-37.7408,145.0972,2000,2024,420343,406028,98.0,25
086077,MOORABBIN AIRPORT,VIC,-37.98,145.0962,1992,2024,560077,538416,97.0,33
088001,ALEXANDRA (POST OFFICE),VIC,-37.1916,145.7116,1999,1999,7583,0,0.0,1
090182,CASTERTON,VIC,-37.583,141.3339,2005,2024,339604,336313,99.0,20
090194,DARTMOOR,VIC,-37.9222,141.2614,2009,2024,269331,265714,99.0,16
079101,PYRENEES (BEN NEVIS),VIC,-37.2281,143.2005,2007,2024,290557,281451,99.0,18
085301,CORNER INLET (YANAKIE),VIC,-38.8051,146.1936,2013,2024,201423,195661,99.0,12
079028,LONGERENONG,VIC,-36.6722,142.2991,1997,2024,476988,465328,99.0,28
084084,MALLACOOTA,VIC,-37.5976,149.7289,1993,2024,537793,469830,88.0,32
087185,POINT COOK RAAF,VIC,-37.9273,144.7566,2021,2024,45953,45245,99.0,4
085279,BAIRNSDALE AIRPORT,VIC,-37.8818,147.5669,1997,2024,476988,407072,86.0,28
085072,EAST SALE,VIC,-38.1156,147.1323,1993,2024,537794,470592,88.0,32
090171,PORTLAND AIRPORT,VIC,-38.3148,141.4705,1995,2024,503487,480474,96.0,30
090184,CAPE NELSON LIGHTHOUSE,VIC,-38.4306,141.5437,1997,2024,476989,462417,97.0,28
078087,YANAC NORTH COMPARISON,VIC,-36.1147,141.4612,1997,1999,37947,4022,11.0,3
080091,KYABRAM,VIC,-36.335,145.0638,2002,2024,383283,303297,80.0,23
088162,WALLAN (KILMORE GAP),VIC,-37.3807,144.9654,1994,2024,520481,467055,90.0,31
088166,PUCKAPUNYAL WEST (DEFENCE),VIC,-37.0177,144.8546,2018,2024,100457,99212,99.0,7
089112,WESTMERE,VIC,-37.7067,142.9378,2006,2024,323097,312372,99.0,19
085296,MOUNT MOORNAPA,VIC,-37.7481,147.1428,1994,2024,535141,463837,88.0,31
090015,CAPE OTWAY LIGHTHOUSE,VIC,-38.8557,143.513,1994,2024,525087,473935,91.0,31
083085,MOUNT HOTHAM,VIC,-36.9772,147.1342,1991,2024,576303,460624,84.0,34
086361,CERBERUS,VIC,-38.3646,145.1785,1991,2024,576303,508037,89.0,34
082139,HUNTERS HILL,VIC,-36.2137,147.5395,1993,2024,547503,473760,87.0,32
082138,WANGARATTA AERO,VIC,-36.4205,146.3056,1995,2024,503345,449299,90.0,30
078015,NHILL AERODROME,VIC,-36.3093,141.6486,2003,2024,369801,365853,99.0,22
086344,SOUTH CHANNEL ISLAND,VIC,-38.3065,144.8016,1998,2024,448861,53409,97.0,27
086104,SCORESBY RESEARCH INSTITUTE,VIC,-37.871,145.2561,1996,2024,488415,476680,98.0,29
090175,PORT FAIRY AWS,VIC,-38.3906,142.2348,1991,2024,576303,545034,96.0,34
078031,NHILL,VIC,-36.3347,141.6367,2003,2003,42,4,100.0,1
087031,LAVERTON RAAF,VIC,-37.8565,144.7565,1993,2024,536897,452755,85.0,32
087168,SHE OAKS,VIC,-37.9075,144.1303,1991,2024,576303,532681,94.0,34
086338,MELBOURNE (OLYMPIC PARK),VIC,-37.8255,144.9816,2013,2024,195027,193535,99.0,12
085151,YARRAM AIRPORT,VIC,-38.5647,146.7479,2007,2024,293530,291052,99.0,18
088164,EILDON FIRE TOWER,VIC,-37.2091,145.8423,1995,2024,501569,450758,90.0,30
084143,COMBIENBAR AWS,VIC,-37.3416,149.0227,1994,2024,526383,460417,89.0,31
087113,AVALON AIRPORT,VIC,-38.0288,144.4783,1994,2024,522159,470119,91.0,31
079097,KANAGULK,VIC,-37.1169,141.8031,2004,2024,353244,348596,99.0,21
084016,GABO ISLAND LIGHTHOUSE,VIC,-37.5679,149.9158,2007,2024,296548,293093,99.0,18
086071,MELBOURNE REGIONAL OFFICE,VIC,-37.8075,144.97,1997,2015,312865,287801,92.0,19
086282,MELBOURNE AIRPORT,VIC,-37.6654,144.8322,1970,2024,947443,435264,46.0,55
079099,EDENHOPE AIRPORT,VIC,-37.0222,141.2657,2005,2024,337922,332585,99.0,20
079103,GRAMPIANS (MOUNT WILLIAM),VIC,-37.295,142.6039,2005,2024,325875,313079,98.0,20
079100,HORSHAM AERODROME,VIC,-36.6699,142.1733,1997,2024,468921,434454,93.0,28
078018,KELLALAC (WARRACKNABEAL AIRPORT),VIC,-36.3203,142.4161,2016,2024,133252,131076,99.0,9
086383,COLDSTREAM,VIC,-37.7239,145.4092,1994,2024,521151,465840,90.0,31
081049,TATURA INST SUSTAINABLE AG,VIC,-36.4379,145.2673,2006,2024,319112,239660,76.0,19
080128,CHARLTON,VIC,-36.2846,143.3341,2004,2024,350638,347646,99.0,21
085313,NILMA NORTH (WARRAGUL),VIC,-38.1321,145.9865,2014,2024,184143,181922,99.0,11
090176,MORTLAKE RACECOURSE,VIC,-38.0737,142.7744,1991,2024,576303,553121,96.0,34
088109,MANGALORE AIRPORT,VIC,-36.8886,145.1859,1993,2024,537793,503415,95.0,32
085096,WILSONS PROMONTORY LIGHTHOUSE,VIC,-39.1297,146.4246,2000,2024,417659,387120,93.0,25
084145,ORBOST,VIC,-37.6922,148.4667,2000,2024,414485,395496,99.0,25
077094,SWAN HILL AERODROME,VIC,-35.3766,143.5416,1997,2024,476988,434771,92.0,28
086373,RHYLL,VIC,-38.4612,145.3101,1991,2024,576303,553232,97.0,34
083090,OMEO,VIC,-37.1017,147.6008,2004,2024,349304,344767,99.0,21
009053,PEARCE RAAF,WA,-31.6669,116.0189,1993,2024,536453,304416,58.0,32
012071,SALMON GUMS RES.STN.,WA,-32.9869,121.6239,1999,2024,432028,315476,73.0,26
005094,BARROW ISLAND AIRPORT,WA,-20.874,115.4066,1999,2024,442355,387776,88.0,26
009256,GARDEN ISLAND HSF,WA,-32.2433,115.6839,2001,2024,397381,231323,61.0,24
009280,LANCELIN (DEFENCE),WA,-30.8392,115.2283,2018,2024,105701,104959,99.0,7
004100,BEDOUT ISLAND,WA,-19.5894,119.1,2011,2024,232569,0,60.0,14
009998,NORTH WALPOLE,WA,-34.9469,116.7222,2004,2024,359186,256597,74.0,21
009964,ROCKY GULLY,WA,-34.5714,117.0106,1995,2024,501894,326129,66.0,30
200284,COCOS ISLAND AIRPORT,WA,-12.1892,96.8344,1995,2024,502375,384064,79.0,30
011003,EUCLA,WA,-31.6797,128.8958,1995,2024,513942,494538,97.0,30
013030,TELFER AERO,WA,-21.7125,122.2281,1995,2024,500922,318338,65.0,30
012305,LAVERTON AERO,WA,-28.6133,122.4236,1993,2024,536454,334422,63.0,32
003108,YAMPI SOUND (DEFENCE),WA,-16.7671,123.981,2018,2024,100794,83615,99.0,7
009741,ALBANY AIRPORT COMPARISON,WA,-34.9414,117.8022,1993,2014,353391,309161,89.0,22
005007,LEARMONTH AIRPORT,WA,-22.2406,114.0967,1993,2024,536453,484194,92.0,32
008296,MORAWA AIRPORT,WA,-29.2039,116.0247,1997,2024,480083,351144,74.0,28
003003,BROOME AIRPORT,WA,-17.9475,122.2352,1993,2024,536452,473847,90.0,32
008290,NORTH ISLAND,WA,-28.3009,113.5937,2000,2024,417875,222737,55.0,25
009518,CAPE LEEUWIN,WA,-34.3728,115.1358,1993,2024,535671,354125,67.0,32
005098,KARIJINI NORTH,WA,-22.2999,118.4498,2018,2024,102968,99616,98.0,7
009193,ROTTNEST ISLAND,WA,-32.0069,115.5022,1993,2024,536453,496264,93.0,32
004032,PORT HEDLAND AIRPORT,WA,-20.3725,118.6317,1993,2024,536452,474837,90.0,32
008297,DALWALLINU,WA,-30.2761,116.6714,1997,2024,476721,255382,54.0,28
004090,ROEBOURNE AERO,WA,-20.7594,117.1583,1999,2024,444153,278893,65.0,26
009538,DWELLINGUP,WA,-32.7103,116.0594,1999,2024,445765,302926,68.0,26
010917,WANDERING,WA,-32.6722,116.6706,1998,2024,448554,250185,56.0,27
009977,MANDURAH,WA,-32.5219,115.7119,2001,2024,398070,307148,78.0,24
010692,NEWDEGATE RESEARCH STATION,WA,-33.1129,118.84,1996,2024,493158,321713,66.0,29
009021,PERTH AIRPORT,WA,-31.9275,115.9764,1985,2024,693125,426729,62.0,40
009887,MANDURAH,WA,-32.5211,115.75,1993,2001,138095,61149,46.0,9
009789,ESPERANCE,WA,-33.83,121.8925,1993,2024,535446,474243,92.0,32
109521,WITCHCLIFFE WEST,WA,-34.0258,115.0637,2022,2024,36917,36592,99.0,3
009961,HOPETOUN NORTH,WA,-33.9306,120.1283,1995,2024,501494,365322,73.0,30
009225,PERTH METRO,WA,-31.9192,115.8728,1993,2024,536453,504453,95.0,32
006011,CARNARVON AIRPORT,WA,-24.8878,113.67,1993,2024,536453,489195,93.0,32
002079,HALLS CREEK AIRPORT,WA,-18.2337,127.6666,2015,2024,154699,151617,99.0,10
007185,PARABURDOO AERO,WA,-23.1726,117.7493,1995,2024,501219,331658,69.0,30
012044,MUNGLINUP WEST,WA,-33.5547,120.6997,2002,2024,389366,312182,81.0,23
002056,KUNUNURRA AERO,WA,-15.7814,128.71,1993,2024,536452,493933,94.0,32
009994,COLLIE EAST,WA,-33.3608,116.1717,2002,2024,378632,282591,75.0,23
010911,LAKE GRACE,WA,-33.1006,118.4647,1997,2024,477699,297644,63.0,28
003092,SOUTH EAST WATERBANK,WA,-17.8578,122.2725,1996,1999,52131,45123,87.0,4
013044,WILUNA AERO,WA,-26.6273,120.2195,2017,2024,117414,115700,99.0,8
012009,NORSEMAN AERO,WA,-32.2147,121.7547,1999,2024,431382,296357,69.0,26
004019,MANDORA,WA,-19.7419,120.8433,2009,2024,255364,204175,80.0,16
009812,HARVEY,WA,-33.0789,115.8806,2000,2000,178,126,71.0,1
001006,WYNDHAM AERO,WA,-15.51,128.1503,2000,2024,417405,291137,70.0,25
009178,GINGIN AERO,WA,-31.4628,115.8642,1996,2024,496613,310823,65.0,29
002012,HALLS CREEK METEOROLOGICAL OFFICE,WA,-18.2291,127.6636,1993,2019,439408,367756,86.0,27
009746,WITCHCLIFFE,WA,-34.0281,115.1042,1999,2021,394697,273507,71.0,23
009965,BUNBURY,WA,-33.3567,115.6447,1999,2024,442354,324793,74.0,26
009603,BUSSELTON AERO,WA,-33.6818,115.4026,1997,2024,468390,320936,70.0,28
004106,MARBLE BAR,WA,-21.1756,119.7497,2000,2024,417175,257298,64.0,25
009617,BRIDGETOWN,WA,-33.9486,116.1311,1998,2024,456246,330083,73.0,27
200100,VARANUS ISLAND,WA,-20.655,115.5769,1999,2024,442357,368460,85.0,26
008051,GERALDTON AIRPORT COMPARISON,WA,-28.7953,114.6975,1993,2014,359907,295244,83.0,22
009037,BADGINGARRA RESEARCH STN,WA,-30.3381,115.5394,1997,2024,477431,309001,69.0,28
009569,BUSSELTON,WA,-33.655,115.3194,1997,2011,246686,109716,46.0,15
003032,DERBY AERO,WA,-17.3706,123.6611,1994,2024,519067,329519,65.0,31
009519,CAPE NATURALISTE,WA,-33.5372,115.0189,1995,2024,501871,336872,68.0,30
001020,TRUSCOTT,WA,-14.09,126.3867,2004,2024,353656,276406,80.0,21
012241,LEONORA AERO,WA,-28.8789,121.3186,2007,2024,304754,235996,78.0,18
012320,SOUTHERN CROSS AIRFIELD,WA,-31.2353,119.3564,1996,2024,487056,320722,67.0,29
013017,GILES METEOROLOGICAL OFFICE,WA,-25.0341,128.301,1992,2024,554435,455938,85.0,33
003093,FITZROY CROSSING AERO,WA,-18.1814,125.5619,1997,2024,472224,313927,67.0,28
009281,MILLENDON (SWAN VALLEY),WA,-31.8112,116.0227,2017,2024,126242,124824,99.0,8
001007,TROUGHTON ISLAND,WA,-13.7542,126.1485,1990,2024,598223,279110,47.0,35
005084,THEVENARD ISLAND,WA,-21.4609,115.0188,2000,2024,429639,312742,73.0,25
001019,KALUMBURU,WA,-14.2964,126.6453,1998,2024,453544,295754,67.0,27
005017,ONSLOW AIRPORT,WA,-21.6689,115.1092,1997,2024,467177,324260,71.0,28
009983,STYLES TOWER,WA,-33.9123,115.8999,2012,2017,97550,49061,72.0,6
009573,MANJIMUP,WA,-34.2508,116.145,2000,2024,415972,229139,56.0,25
009240,BICKLEY,WA,-32.0072,116.1369,1997,2024,469007,313534,68.0,28
004083,KARRATHA AERO,WA,-20.7097,116.7742,1993,2024,536452,496084,93.0,32
009999,ALBANY AIRPORT,WA,-34.9411,117.8158,2012,2024,219214,215273,99.0,13
012038,KALGOORLIE-BOULDER AIRPORT,WA,-30.7847,121.4533,1994,2024,534582,493979,93.0,31
013011,WARBURTON AIRFIELD,WA,-26.1317,126.5839,1997,2024,476070,328838,70.0,28
007176,NEWMAN AERO,WA,-23.4213,119.8023,1993,2024,536111,334286,63.0,32
005008,MARDIE,WA,-21.1906,115.9797,2000,2024,422213,218710,58.0,25
012314,LEINSTER AERO,WA,-27.8386,120.7031,1994,2024,523110,323070,63.0,31
200790,CHRISTMAS ISLAND AERO,WA,-10.4515,105.689,1995,2024,502375,312892,64.0,30
007600,MOUNT MAGNET AERO,WA,-28.1156,117.8425,1995,2024,513317,333181,65.0,30
006105,SHARK BAY AIRPORT,WA,-25.8925,113.5772,2000,2024,422919,293410,70.0,25
003080,CURTIN AERO,WA,-17.5768,123.8297,1993,2024,536452,358595,68.0,32
002064,ARGYLE AERODROME,WA,-16.638,128.4516,1993,2024,535442,419135,80.0,32
011052,FORREST,WA,-30.8453,128.1092,1993,2024,537796,332350,62.0,32
011023,CAIGUNA ASA,WA,-32.2653,125.4894,2012,2024,207126,0,98.0,13
011053,RED ROCKS POINT,WA,-32.2028,127.5297,1999,2024,432722,174596,42.0,26
009968,SHANNON,WA,-34.5683,116.3367,1996,2024,484364,239932,50.0,29
009215,SWANBOURNE,WA,-31.956,115.7619,1993,2024,536453,496920,93.0,32
012322,MOUNT WALTON EAST IWDF,WA,-30.3803,120.1481,1997,2001,75403,71,0.0,5
010905,JACUP,WA,-33.8878,119.1092,1994,2024,534674,331148,62.0,31
008315,GERALDTON AIRPORT,WA,-28.8047,114.6989,2011,2024,227713,223327,99.0,14
009172,JANDAKOT AERO,WA,-32.1011,115.8794,1993,2024,536309,501710,94.0,32
009542,ESPERANCE AERO,WA,-33.6825,121.8275,1993,2024,535446,492437,93.0,32
009778,MARGARET RIVER CALM,WA,-33.935,115.0831,1995,1999,68157,0,0.0,5
010286,CUNDERDIN AIRFIELD,WA,-31.6219,117.2217,1996,2024,489117,321758,67.0,29
010916,KATANNING,WA,-33.6856,117.6064,1999,2024,447446,333612,76.0,26
007045,MEEKATHARRA AIRPORT,WA,-26.6136,118.5372,1993,2024,536453,495174,93.0,32
023878,MOUNT CRAWFORD AWS,SA,-34.7253,138.9278,1994,2024,521963,426734,82.0,31
018192,NORTH SHIELDS (PORT LINCOLN AWS),SA,-34.5993,135.8784,1992,2024,565833,503552,90.0,33
018230,COFFIN BAY (POINT AVOID),SA,-34.675,135.3362,2017,2024,124285,120645,98.0,8
016096,ROXBY DOWNS (OLYMPIC DAM AERODROME),SA,-30.4869,136.8739,1998,2024,453323,333571,74.0,27
023013,PARAFIELD AIRPORT,SA,-34.7977,138.6281,1992,2024,566075,503992,89.0,33
023887,KUITPO FOREST RESERVE,SA,-35.1712,138.6783,1998,2024,451692,382907,85.0,27
023000,ADELAIDE (WEST TERRACE / NGAYIRDAPIRA),SA,-34.9257,138.5832,2017,2024,126006,124286,99.0,8
016090,COOBER PEDY AIRPORT,SA,-29.0347,134.7222,1994,2024,521963,393611,76.0,31
025557,KEITH (MUNKORA),SA,-36.1058,140.3273,2001,2024,403786,309644,78.0,24
018195,MINNIPA PIRSA,SA,-32.8427,135.1515,1996,2024,491291,348266,72.0,29
025562,LAMEROO (AUSTIN PLAINS),SA,-35.3778,140.5378,2004,2024,351452,287494,83.0,21
024048,RENMARK AERO,SA,-34.1983,140.6766,1995,2024,509382,380496,75.0,30
018229,CULTANA (DEFENCE),SA,-32.6845,137.3689,2017,2024,115827,115305,99.0,8
018217,CUMMINS AERO,SA,-34.2524,135.7135,2007,2024,300541,255764,86.0,18
018115,NEPTUNE ISLAND,SA,-35.3365,136.1174,1995,2024,506980,368272,76.0,30
024024,LOXTON RESEARCH CENTRE,SA,-34.439,140.5978,1996,2024,483228,353831,74.0,29
016098,TARCOOLA AERO,SA,-30.7051,134.5786,1997,2024,469739,326760,70.0,28
017043,OODNADATTA AIRPORT,SA,-27.5553,135.4456,1995,2024,514811,360267,71.0,30
022050,KADINA AWS,SA,-33.9703,137.6628,2005,2024,332922,315698,96.0,20
022841,KINGSCOTE AERO,SA,-35.7114,137.5231,1994,2024,532188,504917,95.0,31
023842,MOUNT LOFTY,SA,-34.9784,138.7088,1993,2024,550044,424981,92.0,32
023875,PARAWA (SECOND VALLEY FOREST AWS),SA,-35.5695,138.2864,1994,2024,532188,400812,77.0,31
022046,EDITHBURGH,SA,-35.1121,137.7395,1993,2024,551963,437316,80.0,32
022843,PARNDANA CFS AWS,SA,-35.7916,137.2496,2011,2024,225266,221821,99.0,14
026105,ROBE AIRFIELD,SA,-37.1776,139.8054,2003,2024,368796,295956,81.0,22
023894,HINDMARSH ISLAND AWS,SA,-35.5194,138.8177,2003,2024,375992,310918,83.0,22
018191,COULTA (COLES POINT),SA,-34.3749,135.3741,1992,2017,440547,301116,70.0,26
018116,CLEVE AERODROME,SA,-33.7081,136.5026,1996,2024,491291,350401,72.0,29
022049,STENHOUSE BAY,SA,-35.2795,136.9392,1996,2024,493883,364736,74.0,29
017123,MOOMBA AIRPORT,SA,-28.0997,140.1956,1995,2024,511067,393994,78.0,30
023046,ADELAIDE AIRPORT OLD SITE,SA,-34.9566,138.5356,2002,2005,42806,21428,51.0,4
016097,ERNABELLA (PUKATJA),SA,-26.2635,132.1771,1997,2024,472089,320514,68.0,28
023090,ADELAIDE (KENT TOWN),SA,-34.9211,138.6216,1993,2020,470128,440239,94.0,28
018012,CEDUNA AMO,SA,-32.1297,133.6976,1992,2024,565838,493081,88.0,33
023122,ROSEWORTHY AWS,SA,-34.5106,138.6763,1997,2024,472090,377648,82.0,28
023373,NURIOOTPA PIRSA,SA,-34.4761,139.0056,1996,2024,488508,357747,74.0,29
017110,LEIGH CREEK AIRPORT,SA,-30.5963,138.4219,1992,2024,560363,372133,67.0,33
021131,CLARE HIGH SCHOOL,SA,-33.8226,138.5933,1993,2024,539759,394235,74.0,32
016092,PORT AUGUSTA ARID LANDS,SA,-32.4783,137.7386,1994,2001,117551,54534,46.0,8
026021,MOUNT GAMBIER AERO,SA,-37.7473,140.7739,1992,2024,565860,480132,86.0,33
026091,COONAWARRA,SA,-37.2906,140.8254,1997,2024,471996,394176,85.0,28
023849,GOOLWA (HINDMARSH ISLAND MARINA),SA,-35.5147,138.7989,2003,2003,293,209,72.0,1
022031,MINLATON AERO,SA,-34.748,137.5276,2001,2024,408433,352368,87.0,24
023034,ADELAIDE AIRPORT,SA,-34.9524,138.5196,1985,2024,693131,423578,62.0,40
024580,STRATHALBYN RACECOURSE,SA,-35.2836,138.8934,1996,2024,493884,368734,75.0,29
022053,MOONTA (WARBURTO POINT),SA,-34.0041,137.528,2003,2024,368255,0,98.0,22
018106,NULLARBOR,SA,-31.4492,130.8976,1992,2024,565847,352860,63.0,33
026095,CAPE JAFFA (THE LIMESTONE),SA,-36.9655,139.7164,1992,2024,565834,433134,77.0,33
017126,MARREE AERO,SA,-29.6587,138.0684,1998,2024,451691,313262,71.0,27
026099,NARACOORTE AERODROME,SA,-36.9813,140.727,1998,2024,457212,381965,84.0,27
023886,SELLICKS HILL (MOUNT TERRIBLE RADAR),SA,-35.3294,138.5019,1998,2024,461676,0,48.0,27
021139,PORT PIRIE AERODROME AWS,SA,-33.2371,137.9971,2015,2024,166186,163838,99.0,10
024584,MURRAY BRIDGE (PALLAMANA AERODROME),SA,-35.065,139.2273,2006,2024,322090,310716,98.0,19
016001,WOOMERA AERODROME,SA,-31.1558,136.8054,1992,2024,565832,496526,89.0,33
018120,WHYALLA AERO,SA,-33.0539,137.5206,1992,2024,565833,505171,90.0,33
022823,CAPE BORDA,SA,-35.7549,136.5959,2002,2024,383038,346623,93.0,23
023083,EDINBURGH RAAF,SA,-34.7111,138.6223,1992,2024,566075,480722,85.0,33
021133,SNOWTOWN (RAYVILLE PARK),SA,-33.7676,138.2182,1998,2024,451691,370474,83.0,27
020062,YUNTA AIRSTRIP,SA,-32.5707,139.5645,1998,2024,456347,332817,73.0,27
018083,WUDINNA AERO,SA,-33.043,135.4519,1999,2024,438427,326041,75.0,26
018201,PORT AUGUSTA AERO,SA,-32.5073,137.7169,2001,2024,403867,321204,80.0,24
023885,NOARLUNGA,SA,-35.1586,138.5057,2000,2024,418324,376498,91.0,25
026100,PADTHAWAY SOUTH,SA,-36.6539,140.5212,2000,2024,422012,306666,73.0,25
022803,CAPE WILLOUGHBY,SA,-35.8426,138.1327,1995,2024,509436,377161,76.0,30
014829,LAJAMANU AIRPORT,NT,-18.3324,130.6361,2000,2024,420335,322832,77.0,25
014404,MILINGIMBI AIRPORT,NT,-12.0932,134.8919,2003,2024,367824,281589,78.0,22
014402,MILINGIMBI,NT,-12.1239,134.9078,2000,2003,45690,27376,60.0,4
014954,BRADSHAW,NT,-14.9408,130.8091,2001,2024,397197,206060,52.0,24
014949,DELAMERE WEAPONS RANGE,NT,-15.7441,131.9181,2000,2024,420335,379115,93.0,25
014825,VICTORIA RIVER DOWNS,NT,-16.403,131.0145,2000,2024,420335,302012,73.0,25
014627,BULMAN,NT,-13.6715,134.3415,2002,2024,381271,237821,63.0,23
200782,NORTH EAST ISLAND,NT,-13.6449,136.9445,2010,2014,65857,65438,99.0,5
014981,BRADSHAW - KOOLENDONG VALLEY (DEFENCE),NT,-15.1853,130.1169,2018,2024,100363,91084,99.0,7
014401,WARRUWI AIRPORT,NT,-11.65,133.3797,2000,2024,419523,321515,78.0,25
014198,JABIRU AIRPORT,NT,-12.6592,132.894,1993,2024,544180,327286,61.0,32
014277,DUM IN MIRRIE AIRSTRIP,NT,-12.635,130.3725,2000,2024,418179,282645,69.0,25
014046,NOONAMAH AWS,NT,-12.6365,131.0714,2008,2013,79965,63957,80.0,6
015664,WALUNGURRU AIRPORT,NT,-23.2656,129.3844,2001,2024,399120,245861,62.0,24
015590,ALICE SPRINGS AIRPORT,NT,-23.7951,133.889,1990,2024,598037,433478,74.0,35
014988,KNUCKEY LAGOON,NT,-12.4422,130.9556,2021,2024,52269,51842,99.0,4
014984,MOUNT BUNDEY SOUTH (DEFENCE),NT,-13.0889,131.8478,2017,2024,118902,117158,99.0,8
014314,NOONAMAH AIRSTRIP,NT,-12.6099,131.0474,2013,2024,194016,188975,99.0,12
014517,NGAYAWILI,NT,-11.9971,135.5726,2000,2024,420192,237629,58.0,25
014901,DOUGLAS RIVER RESEARCH FARM,NT,-13.8345,131.1872,1996,2024,487203,300431,63.0,29
014015,DARWIN AIRPORT,NT,-12.4239,130.8925,1985,2024,693123,426253,63.0,40
014983,MOUNT BUNDEY NORTH (DEFENCE),NT,-12.9141,131.8663,2017,2024,118902,117299,99.0,8
015635,YULARA AIRPORT,NT,-25.1896,130.9737,1991,2024,580709,445599,78.0,34
014254,POINT STUART,NT,-12.2403,131.8785,2003,2024,371156,189066,53.0,22
200731,POINT FAWCETT,NT,-11.7628,130.03,2000,2024,420333,261271,68.0,25
014041,MIDDLE POINT,NT,-12.605,131.2988,2001,2024,402136,320093,81.0,24
014518,GROOTE EYLANDT AIRPORT,NT,-13.9746,136.463,2000,2024,420335,322403,78.0,25
014245,CAPE DON,NT,-11.3081,131.7651,2005,2015,169333,76904,46.0,11
014508,GOVE AIRPORT MET OFFICE,NT,-12.2741,136.8201,1990,2023,576629,411979,72.0,34
014850,TIMBER CREEK,NT,-15.6614,130.4808,2013,2013,4516,3,0.0,1
015643,TERRITORY GRAPE FARM,NT,-22.4518,133.6377,2000,2024,420151,236959,60.0,25
014274,MCCLUER ISLAND,NT,-11.0468,132.9791,2000,2024,420150,221027,53.0,25
014142,PIRLANGIMPI AIRPORT,NT,-11.4021,130.4217,2006,2024,324458,279913,88.0,19
015666,RABBIT FLAT,NT,-20.1823,130.0148,2002,2024,394151,188335,48.0,23
014808,BRADSHAW - ANGALLARI VALLEY (DEFENCE),NT,-15.4397,130.5731,2017,2024,115731,108584,99.0,8
015602,JERVOIS,NT,-22.9494,136.1442,2000,2024,420323,223972,54.0,25
014723,BORROLOOLA AIRPORT,NT,-16.0755,136.3041,2000,2024,420335,327088,79.0,25
014982,KANGAROO FLATS (DEFENCE),NT,-12.7934,130.8542,2017,2024,118902,113667,97.0,8
014626,DALY WATERS AIRSTRIP,NT,-16.2637,133.3782,2000,2024,417921,236421,57.0,25
200786,CAPE WESSEL,NT,-11.0047,136.7586,2011,2024,221035,197433,96.0,14
014299,NGUKURR AIRPORT,NT,-14.7236,134.7456,2012,2024,211012,205435,98.0,13
014932,TINDAL RAAF,NT,-14.5229,132.3826,1990,2024,598227,432821,73.0,35
014909,CENTRAL ARNHEM PLATEAU,NT,-13.3275,133.0861,2003,2024,366152,165808,46.0,22
014405,MANINGRIDA AIRPORT,NT,-12.0569,134.2339,2003,2024,363360,292321,81.0,22
014948,PORT KEATS AIRPORT,NT,-14.2494,129.5282,2000,2024,418565,313272,78.0,25
014031,CHARLES POINT,NT,-12.3895,130.6306,2006,2024,324717,214937,67.0,19
014703,CENTRE ISLAND,NT,-15.7426,136.8192,2000,2024,420159,200604,48.0,25
014308,CROKER ISLAND AIRPORT,NT,-11.1629,132.4813,2012,2024,206885,185777,98.0,13
014310,OENPELLI AIRPORT,NT,-12.3272,133.0069,2012,2024,206885,199007,97.0,13
015135,TENNANT CREEK AIRPORT,NT,-19.6423,134.1833,1990,2024,597410,419924,72.0,35
014704,MCARTHUR RIVER MINE AIRPORT,NT,-16.4423,136.076,2003,2024,366759,290887,81.0,22
014309,MURGANELLA AIRSTRIP,NT,-11.5485,132.9266,2012,2024,206212,190748,97.0,13
014272,BATCHELOR AIRPORT,NT,-13.0544,131.0252,1993,2024,544180,338907,63.0,32
